,train_start,train_end,test_end,params,train_return,test_return
0,2010-06-02 22:15:00,2010-08-31 22:15:00,2010-09-30 22:15:00,"{'sl_atr_mult': 1, 'tp_atr_mult': 2, 'use_adx': True, 'adx_thresh': 20, 'ema_filter': 50}",-0.12874459606335042,-0.0004150000000000542
1,2010-07-02 22:15:00,2010-09-30 22:15:00,2010-10-30 22:15:00,"{'sl_atr_mult': 3, 'tp_atr_mult': 2, 'use_adx': True, 'adx_thresh': 20, 'ema_filter': 50}",-0.0965164810387309,-0.0004750000000000032
2,2010-08-01 22:15:00,2010-10-30 22:15:00,2010-11-29 22:15:00,"{'sl_atr_mult': 3, 'tp_atr_mult': 2, 'use_adx': True, 'adx_thresh': 20, 'ema_filter': 50}",-0.11347270136339604,-0.0001100000000000545
3,2010-08-31 22:15:00,2010-11-29 22:15:00,2010-12-29 22:15:00,"{'sl_atr_mult': 3, 'tp_atr_mult': 4, 'use_adx': True, 'adx_thresh': 20, 'ema_filter': 50}",-0.09654241273816133,-0.00046749999999995406
4,2010-09-30 22:15:00,2010-12-29 22:15:00,2011-01-28 22:15:00,"{'sl_atr_mult': 2, 'tp_atr_mult': 2, 'use_adx': True, 'adx_thresh': 20, 'ema_filter': 50}",-0.10658423667973027,-0.0003950000000000342
5,2010-10-30 22:15:00,2011-01-28 22:15:00,2011-02-27 22:15:00,"{'sl_atr_mult': 2, 'tp_atr_mult': 3, 'use_adx': True, 'adx_thresh': 20, 'ema_filter': 50}",-0.07867705751724485,-0.0006675000000000431
6,2010-11-29 22:15:00,2011-02-27 22:15:00,2011-03-29 22:15:00,"{'sl_atr_mult': 1, 'tp_atr_mult': 4, 'use_adx': True, 'adx_thresh': 20, 'ema_filter': 50}",-0.08648289920001906,-0.0005675000000000541
7,2010-12-29 22:15:00,2011-03-29 22:15:00,2011-04-28 22:15:00,"{'sl_atr_mult': 2, 'tp_atr_mult': 2, 'use_adx': True, 'adx_thresh': 20, 'ema_filter': 50}",-0.0784152658857119,-0.00029000000000001247
8,2011-01-28 22:15:00,2011-04-28 22:15:00,2011-05-28 22:15:00,"{'sl_atr_mult': 2, 'tp_atr_mult': 2, 'use_adx': True, 'adx_thresh': 20, 'ema_filter': 50}",-0.0796334532917985,-0.0004999999999999449
9,2011-02-27 22:15:00,2011-05-28 22:15:00,2011-06-27 22:15:00,"{'sl_atr_mult': 3, 'tp_atr_mult': 3, 'use_adx': True, 'adx_thresh': 20, 'ema_filter': 50}",-0.09781913351253069,-0.0009350000000000191
10,2011-03-29 22:15:00,2011-06-27 22:15:00,2011-07-27 22:15:00,"{'sl_atr_mult': 2, 'tp_atr_mult': 3, 'use_adx': True, 'adx_thresh': 20, 'ema_filter': 50}",-0.10363293814705277,-0.0005249999999999977
11,2011-04-28 22:15:00,2011-07-27 22:15:00,2011-08-26 22:15:00,"{'sl_atr_mult': 2, 'tp_atr_mult': 3, 'use_adx': True, 'adx_thresh': 20, 'ema_filter': 50}",-0.1221062412409486,-0.0008175000000000265
12,2011-05-28 22:15:00,2011-08-26 22:15:00,2011-09-25 22:15:00,"{'sl_atr_mult': 1, 'tp_atr_mult': 4, 'use_adx': True, 'adx_thresh': 20, 'ema_filter': 50}",-0.08296726041677771,-4.7499999999978115e-05
13,2011-06-27 22:15:00,2011-09-25 22:15:00,2011-10-25 22:15:00,"{'sl_atr_mult': 1, 'tp_atr_mult': 4, 'use_adx': True, 'adx_thresh': 20, 'ema_filter': 50}",-0.05962333978889267,-0.0012400000000000189
14,2011-07-27 22:15:00,2011-10-25 22:15:00,2011-11-24 22:15:00,"{'sl_atr_mult': 1, 'tp_atr_mult': 4, 'use_adx': True, 'adx_thresh': 20, 'ema_filter': 50}",-0.06251687576710985,-0.0007125000000000048
15,2011-08-26 22:15:00,2011-11-24 22:15:00,2011-12-24 22:15:00,"{'sl_atr_mult': 1, 'tp_atr_mult': 3, 'use_adx': True, 'adx_thresh': 20, 'ema_filter': 50}",-0.08468740687998255,-0.00015750000000003261
16,2011-09-25 22:15:00,2011-12-24 22:15:00,2012-01-23 22:15:00,"{'sl_atr_mult': 2, 'tp_atr_mult': 3, 'use_adx': True, 'adx_thresh': 20, 'ema_filter': 50}",-0.0964813100193358,-0.0006000000000000449
17,2011-10-25 22:15:00,2012-01-23 22:15:00,2012-02-22 22:15:00,"{'sl_atr_mult': 1, 'tp_atr_mult': 3, 'use_adx': True, 'adx_thresh': 20, 'ema_filter': 50}",-0.07984565813877187,-0.0005650000000000377
18,2011-11-24 22:15:00,2012-02-22 22:15:00,2012-03-23 22:15:00,"{'sl_atr_mult': 3, 'tp_atr_mult': 2, 'use_adx': True, 'adx_thresh': 20, 'ema_filter': 50}",-0.07902939392211872,-0.0004899999999999904
19,2011-12-24 22:15:00,2012-03-23 22:15:00,2012-04-22 22:15:00,"{'sl_atr_mult': 1, 'tp_atr_mult': 2, 'use_adx': True, 'adx_thresh': 20, 'ema_filter': 50}",-0.09778648884018015,-0.0004450000000000287
20,2012-01-23 22:15:00,2012-04-22 22:15:00,2012-05-22 22:15:00,"{'sl_atr_mult': 2, 'tp_atr_mult': 2, 'use_adx': True, 'adx_thresh': 20, 'ema_filter': 50}",-0.08244794840817993,-0.00026999999999999247
21,2012-02-22 22:15:00,2012-05-22 22:15:00,2012-06-21 22:15:00,"{'sl_atr_mult': 1, 'tp_atr_mult': 4, 'use_adx': True, 'adx_thresh': 20, 'ema_filter': 50}",-0.09939331919167582,-0.0007049999999999557
22,2012-03-23 22:15:00,2012-06-21 22:15:00,2012-07-21 22:15:00,"{'sl_atr_mult': 2, 'tp_atr_mult': 2, 'use_adx': True, 'adx_thresh': 20, 'ema_filter': 50}",-0.08512476114264111,-0.0006350000000000522
23,2012-04-22 22:15:00,2012-07-21 22:15:00,2012-08-20 22:15:00,"{'sl_atr_mult': 1, 'tp_atr_mult': 4, 'use_adx': True, 'adx_thresh': 20, 'ema_filter': 50}",-0.09034155793627607,-0.0001100000000000545
24,2012-05-22 22:15:00,2012-08-20 22:15:00,2012-09-19 22:15:00,"{'sl_atr_mult': 2, 'tp_atr_mult': 4, 'use_adx': True, 'adx_thresh': 20, 'ema_filter': 50}",-0.0812174966397261,1.0000000000065512e-05
25,2012-06-21 22:15:00,2012-09-19 22:15:00,2012-10-19 22:15:00,"{'sl_atr_mult': 2, 'tp_atr_mult': 4, 'use_adx': True, 'adx_thresh': 20, 'ema_filter': 50}",-0.06254153571725163,-0.0005775000000000086
26,2012-07-21 22:15:00,2012-10-19 22:15:00,2012-11-18 22:15:00,"{'sl_atr_mult': 3, 'tp_atr_mult': 4, 'use_adx': True, 'adx_thresh': 20, 'ema_filter': 50}",-0.07540218408493149,-0.00039999999999995595
27,2012-08-20 22:15:00,2012-11-18 22:15:00,2012-12-18 22:15:00,"{'sl_atr_mult': 1, 'tp_atr_mult': 2, 'use_adx': True, 'adx_thresh': 20, 'ema_filter': 50}",-0.0844762088535973,-0.00034250000000002334
28,2012-09-19 22:15:00,2012-12-18 22:15:00,2013-01-17 22:15:00,"{'sl_atr_mult': 1, 'tp_atr_mult': 2, 'use_adx': True, 'adx_thresh': 20, 'ema_filter': 50}",-0.0917636023312095,-0.0005374999999999686
29,2012-10-19 22:15:00,2013-01-17 22:15:00,2013-02-16 22:15:00,"{'sl_atr_mult': 3, 'tp_atr_mult': 3, 'use_adx': True, 'adx_thresh': 20, 'ema_filter': 50}",-0.09000733241271608,-0.0005174999999999486
30,2012-11-18 22:15:00,2013-02-16 22:15:00,2013-03-18 22:15:00,"{'sl_atr_mult': 3, 'tp_atr_mult': 3, 'use_adx': True, 'adx_thresh': 20, 'ema_filter': 50}",-0.07969388365120234,-0.00039250000000001783
31,2012-12-18 22:15:00,2013-03-18 22:15:00,2013-04-17 22:15:00,"{'sl_atr_mult': 3, 'tp_atr_mult': 4, 'use_adx': True, 'adx_thresh': 20, 'ema_filter': 50}",-0.06444127605498429,-0.00011499999999997623
32,2013-01-17 22:15:00,2013-04-17 22:15:00,2013-05-17 22:15:00,"{'sl_atr_mult': 3, 'tp_atr_mult': 4, 'use_adx': True, 'adx_thresh': 20, 'ema_filter': 50}",-0.06603384386783362,-0.0003775000000000306
33,2013-02-16 22:15:00,2013-05-17 22:15:00,2013-06-16 22:15:00,"{'sl_atr_mult': 3, 'tp_atr_mult': 4, 'use_adx': True, 'adx_thresh': 20, 'ema_filter': 50}",-0.058434017775002234,0.0005349999999999522
34,2013-03-18 22:15:00,2013-06-16 22:15:00,2013-07-16 22:15:00,"{'sl_atr_mult': 3, 'tp_atr_mult': 4, 'use_adx': True, 'adx_thresh': 20, 'ema_filter': 50}",-0.04503992981458593,0.00037749999999991957
35,2013-04-17 22:15:00,2013-07-16 22:15:00,2013-08-15 22:15:00,"{'sl_atr_mult': 3, 'tp_atr_mult': 4, 'use_adx': True, 'adx_thresh': 20, 'ema_filter': 50}",-0.003296018044370408,-0.0006774999999999975
36,2013-05-17 22:15:00,2013-08-15 22:15:00,2013-09-14 22:15:00,"{'sl_atr_mult': 3, 'tp_atr_mult': 4, 'use_adx': True, 'adx_thresh': 20, 'ema_filter': 50}",-0.01371913026935867,-0.0004349999999999632
37,2013-06-16 22:15:00,2013-09-14 22:15:00,2013-10-14 22:15:00,"{'sl_atr_mult': 2, 'tp_atr_mult': 3, 'use_adx': True, 'adx_thresh': 20, 'ema_filter': 50}",-0.027186139914688545,-0.0008299999999999974
38,2013-07-16 22:15:00,2013-10-14 22:15:00,2013-11-13 22:15:00,"{'sl_atr_mult': 2, 'tp_atr_mult': 3, 'use_adx': True, 'adx_thresh': 20, 'ema_filter': 50}",-0.07047221324865749,-0.0006024999999999503
39,2013-08-15 22:15:00,2013-11-13 22:15:00,2013-12-13 22:15:00,"{'sl_atr_mult': 2, 'tp_atr_mult': 2, 'use_adx': True, 'adx_thresh': 20, 'ema_filter': 50}",-0.08581927892415508,-0.0005724999999999758
40,2013-09-14 22:15:00,2013-12-13 22:15:00,2014-01-12 22:15:00,"{'sl_atr_mult': 2, 'tp_atr_mult': 2, 'use_adx': True, 'adx_thresh': 20, 'ema_filter': 50}",-0.08506631940985199,-1.7500000000003624e-05
41,2013-10-14 22:15:00,2014-01-12 22:15:00,2014-02-11 22:15:00,"{'sl_atr_mult': 2, 'tp_atr_mult': 2, 'use_adx': True, 'adx_thresh': 20, 'ema_filter': 50}",-0.04697871660690556,-0.0005625000000000213
42,2013-11-13 22:15:00,2014-02-11 22:15:00,2014-03-13 22:15:00,"{'sl_atr_mult': 1, 'tp_atr_mult': 3, 'use_adx': True, 'adx_thresh': 20, 'ema_filter': 50}",-0.047048555682202675,-0.000727499999999992
43,2013-12-13 22:15:00,2014-03-13 22:15:00,2014-04-12 22:15:00,"{'sl_atr_mult': 2, 'tp_atr_mult': 2, 'use_adx': True, 'adx_thresh': 20, 'ema_filter': 50}",-0.054727713777222964,-0.0002674999999999761
44,2014-01-12 22:15:00,2014-04-12 22:15:00,2014-05-12 22:15:00,"{'sl_atr_mult': 3, 'tp_atr_mult': 2, 'use_adx': True, 'adx_thresh': 20, 'ema_filter': 50}",-0.07511671306292023,-0.000587499999999963
45,2014-02-11 22:15:00,2014-05-12 22:15:00,2014-06-11 22:15:00,"{'sl_atr_mult': 3, 'tp_atr_mult': 2, 'use_adx': True, 'adx_thresh': 20, 'ema_filter': 50}",-0.07260423418849937,-0.00024500000000005073
46,2014-03-13 22:15:00,2014-06-11 22:15:00,2014-07-11 22:15:00,"{'sl_atr_mult': 1, 'tp_atr_mult': 4, 'use_adx': True, 'adx_thresh': 20, 'ema_filter': 50}",-0.07771540985835645,-0.0003474999999999451
47,2014-04-12 22:15:00,2014-07-11 22:15:00,2014-08-10 22:15:00,"{'sl_atr_mult': 1, 'tp_atr_mult': 4, 'use_adx': True, 'adx_thresh': 20, 'ema_filter': 50}",-0.06991282467114102,0.00016499999999997073
48,2014-05-12 22:15:00,2014-08-10 22:15:00,2014-09-09 22:15:00,"{'sl_atr_mult': 1, 'tp_atr_mult': 3, 'use_adx': True, 'adx_thresh': 20, 'ema_filter': 50}",-0.05434161873011234,-0.00027250000000000885
49,2014-06-11 22:15:00,2014-09-09 22:15:00,2014-10-09 22:15:00,"{'sl_atr_mult': 2, 'tp_atr_mult': 4, 'use_adx': True, 'adx_thresh': 20, 'ema_filter': 50}",-0.03808685418919844,-0.00016249999999995435
50,2014-07-11 22:15:00,2014-10-09 22:15:00,2014-11-08 22:15:00,"{'sl_atr_mult': 2, 'tp_atr_mult': 4, 'use_adx': True, 'adx_thresh': 20, 'ema_filter': 50}",-0.03425398890714759,-0.001375000000000015
51,2014-08-10 22:15:00,2014-11-08 22:15:00,2014-12-08 22:15:00,"{'sl_atr_mult': 1, 'tp_atr_mult': 4, 'use_adx': True, 'adx_thresh': 20, 'ema_filter': 50}",-0.07043238668794749,-0.0008500000000000174
52,2014-09-09 22:15:00,2014-12-08 22:15:00,2015-01-07 22:15:00,"{'sl_atr_mult': 1, 'tp_atr_mult': 4, 'use_adx': True, 'adx_thresh': 20, 'ema_filter': 50}",-0.07387610696358415,-0.0006125000000000158
53,2014-10-09 22:15:00,2015-01-07 22:15:00,2015-02-06 22:15:00,"{'sl_atr_mult': 3, 'tp_atr_mult': 4, 'use_adx': True, 'adx_thresh': 20, 'ema_filter': 50}",-0.07844612865507039,-0.0029525000000000245
54,2014-11-08 22:15:00,2015-02-06 22:15:00,2015-03-08 22:15:00,"{'sl_atr_mult': 1, 'tp_atr_mult': 2, 'use_adx': True, 'adx_thresh': 20, 'ema_filter': 50}",-0.07433253693979192,-9.499999999995623e-05
55,2014-12-08 22:15:00,2015-03-08 22:15:00,2015-04-07 22:15:00,"{'sl_atr_mult': 2, 'tp_atr_mult': 2, 'use_adx': True, 'adx_thresh': 20, 'ema_filter': 50}",-0.06520092137179434,-0.000787500000000052
56,2015-01-07 22:15:00,2015-04-07 22:15:00,2015-05-07 22:15:00,"{'sl_atr_mult': 1, 'tp_atr_mult': 2, 'use_adx': True, 'adx_thresh': 20, 'ema_filter': 50}",-0.0754487952065317,4.0000000000040004e-05
57,2015-02-06 22:15:00,2015-05-07 22:15:00,2015-06-06 22:15:00,"{'sl_atr_mult': 2, 'tp_atr_mult': 2, 'use_adx': True, 'adx_thresh': 20, 'ema_filter': 50}",-0.05104738389547869,-0.00090749999999995
58,2015-03-08 22:15:00,2015-06-06 22:15:00,2015-07-06 22:15:00,"{'sl_atr_mult': 2, 'tp_atr_mult': 2, 'use_adx': True, 'adx_thresh': 20, 'ema_filter': 50}",-0.059994339850791834,-0.0011575000000000335
59,2015-04-07 22:15:00,2015-07-06 22:15:00,2015-08-05 22:15:00,"{'sl_atr_mult': 1, 'tp_atr_mult': 3, 'use_adx': True, 'adx_thresh': 20, 'ema_filter': 50}",-0.05371508213430232,-9.749999999997261e-05
60,2015-05-07 22:15:00,2015-08-05 22:15:00,2015-09-04 22:15:00,"{'sl_atr_mult': 1, 'tp_atr_mult': 3, 'use_adx': True, 'adx_thresh': 20, 'ema_filter': 50}",-0.055153718741888014,-0.0004349999999999632
61,2015-06-06 22:15:00,2015-09-04 22:15:00,2015-10-04 22:15:00,"{'sl_atr_mult': 1, 'tp_atr_mult': 3, 'use_adx': True, 'adx_thresh': 20, 'ema_filter': 50}",-0.029958985260342463,-0.0009050000000000447
62,2015-07-06 22:15:00,2015-10-04 22:15:00,2015-11-03 22:15:00,"{'sl_atr_mult': 3, 'tp_atr_mult': 4, 'use_adx': True, 'adx_thresh': 20, 'ema_filter': 50}",-0.015481096834570884,0.00012250000000002537
63,2015-08-05 22:15:00,2015-11-03 22:15:00,2015-12-03 22:15:00,"{'sl_atr_mult': 1, 'tp_atr_mult': 4, 'use_adx': True, 'adx_thresh': 20, 'ema_filter': 50}",-0.0020304926110374932,-0.00039000000000000146
64,2015-09-04 22:15:00,2015-12-03 22:15:00,2016-01-02 22:15:00,"{'sl_atr_mult': 2, 'tp_atr_mult': 4, 'use_adx': True, 'adx_thresh': 20, 'ema_filter': 50}",-0.008538756089138455,-0.0007700000000000484
65,2015-10-04 22:15:00,2016-01-02 22:15:00,2016-02-01 22:15:00,"{'sl_atr_mult': 1, 'tp_atr_mult': 4, 'use_adx': True, 'adx_thresh': 20, 'ema_filter': 50}",-0.030011488420851995,-0.00015249999999999986
66,2015-11-03 22:15:00,2016-02-01 22:15:00,2016-03-02 22:15:00,"{'sl_atr_mult': 1, 'tp_atr_mult': 4, 'use_adx': True, 'adx_thresh': 20, 'ema_filter': 50}",-0.052107684730315684,0.00011999999999989797
67,2015-12-03 22:15:00,2016-03-02 22:15:00,2016-04-01 22:15:00,"{'sl_atr_mult': 1, 'tp_atr_mult': 4, 'use_adx': True, 'adx_thresh': 20, 'ema_filter': 50}",-0.032098568090184965,1.999999999990898e-05
68,2016-01-02 22:15:00,2016-04-01 22:15:00,2016-05-01 22:15:00,"{'sl_atr_mult': 1, 'tp_atr_mult': 4, 'use_adx': True, 'adx_thresh': 20, 'ema_filter': 50}",-0.033762877349412856,-0.0005600000000000049
69,2016-02-01 22:15:00,2016-05-01 22:15:00,2016-05-31 22:15:00,"{'sl_atr_mult': 2, 'tp_atr_mult': 4, 'use_adx': True, 'adx_thresh': 20, 'ema_filter': 50}",-0.02194249716316321,-0.0005574999999999886
70,2016-03-02 22:15:00,2016-05-31 22:15:00,2016-06-30 22:15:00,"{'sl_atr_mult': 2, 'tp_atr_mult': 4, 'use_adx': True, 'adx_thresh': 20, 'ema_filter': 50}",-0.049938699705918355,-0.00030249999999998334
71,2016-04-01 22:15:00,2016-06-30 22:15:00,2016-07-30 22:15:00,"{'sl_atr_mult': 2, 'tp_atr_mult': 4, 'use_adx': True, 'adx_thresh': 20, 'ema_filter': 50}",-0.04202790187971961,-0.00043000000000004146
72,2016-05-01 22:15:00,2016-07-30 22:15:00,2016-08-29 22:15:00,"{'sl_atr_mult': 1, 'tp_atr_mult': 4, 'use_adx': True, 'adx_thresh': 20, 'ema_filter': 50}",-0.05120049037007246,-0.00019000000000002348
73,2016-05-31 22:15:00,2016-08-29 22:15:00,2016-09-28 22:15:00,"{'sl_atr_mult': 2, 'tp_atr_mult': 4, 'use_adx': True, 'adx_thresh': 20, 'ema_filter': 50}",-0.050184281035853595,-0.00027250000000000885
74,2016-06-30 22:15:00,2016-09-28 22:15:00,2016-10-28 22:15:00,"{'sl_atr_mult': 2, 'tp_atr_mult': 3, 'use_adx': True, 'adx_thresh': 20, 'ema_filter': 50}",-0.030241362773044123,0.0005800000000000249
75,2016-07-30 22:15:00,2016-10-28 22:15:00,2016-11-27 22:15:00,"{'sl_atr_mult': 2, 'tp_atr_mult': 4, 'use_adx': True, 'adx_thresh': 20, 'ema_filter': 50}",-0.016030328624277224,0.00038999999999989043
76,2016-08-29 22:15:00,2016-11-27 22:15:00,2016-12-27 22:15:00,"{'sl_atr_mult': 2, 'tp_atr_mult': 2, 'use_adx': True, 'adx_thresh': 20, 'ema_filter': 50}",-0.014680232313110442,-0.0006350000000000522
77,2016-09-28 22:15:00,2016-12-27 22:15:00,2017-01-26 22:15:00,"{'sl_atr_mult': 3, 'tp_atr_mult': 4, 'use_adx': True, 'adx_thresh': 20, 'ema_filter': 50}",-0.015041475849084107,-0.00018249999999997435
78,2016-10-28 22:15:00,2017-01-26 22:15:00,2017-02-25 22:15:00,"{'sl_atr_mult': 3, 'tp_atr_mult': 3, 'use_adx': True, 'adx_thresh': 20, 'ema_filter': 50}",-0.029012273252997378,2.4999999999053557e-06
79,2016-11-27 22:15:00,2017-02-25 22:15:00,2017-03-27 22:15:00,"{'sl_atr_mult': 3, 'tp_atr_mult': 4, 'use_adx': True, 'adx_thresh': 20, 'ema_filter': 50}",-0.02841398174649834,-0.0003649999999999487
80,2016-12-27 22:15:00,2017-03-27 22:15:00,2017-04-26 22:15:00,"{'sl_atr_mult': 2, 'tp_atr_mult': 2, 'use_adx': True, 'adx_thresh': 20, 'ema_filter': 50}",-0.04058034669556276,-0.0008899999999999464
81,2017-01-26 22:15:00,2017-04-26 22:15:00,2017-05-26 22:15:00,"{'sl_atr_mult': 2, 'tp_atr_mult': 3, 'use_adx': True, 'adx_thresh': 20, 'ema_filter': 50}",-0.037675463880633586,-0.0007599999999999829
82,2017-02-25 22:15:00,2017-05-26 22:15:00,2017-06-25 22:15:00,"{'sl_atr_mult': 2, 'tp_atr_mult': 4, 'use_adx': True, 'adx_thresh': 20, 'ema_filter': 50}",-0.04527389503295487,-0.0005650000000000377
83,2017-03-27 22:15:00,2017-06-25 22:15:00,2017-07-25 22:15:00,"{'sl_atr_mult': 1, 'tp_atr_mult': 4, 'use_adx': True, 'adx_thresh': 20, 'ema_filter': 50}",-0.05246693178277706,-0.0005100000000000104
84,2017-04-26 22:15:00,2017-07-25 22:15:00,2017-08-24 22:15:00,"{'sl_atr_mult': 2, 'tp_atr_mult': 4, 'use_adx': True, 'adx_thresh': 20, 'ema_filter': 50}",-0.045198360791006365,-0.000587499999999963
85,2017-05-26 22:15:00,2017-08-24 22:15:00,2017-09-23 22:15:00,"{'sl_atr_mult': 2, 'tp_atr_mult': 2, 'use_adx': True, 'adx_thresh': 20, 'ema_filter': 50}",-0.03317311392247535,-0.00017250000000001986
86,2017-06-25 22:15:00,2017-09-23 22:15:00,2017-10-23 22:15:00,"{'sl_atr_mult': 2, 'tp_atr_mult': 4, 'use_adx': True, 'adx_thresh': 20, 'ema_filter': 50}",-0.02174907945377258,0.0003975000000000506
87,2017-07-25 22:15:00,2017-10-23 22:15:00,2017-11-22 22:15:00,"{'sl_atr_mult': 3, 'tp_atr_mult': 2, 'use_adx': True, 'adx_thresh': 20, 'ema_filter': 50}",-0.021003400184332888,0.0005649999999999267
88,2017-08-24 22:15:00,2017-11-22 22:15:00,2017-12-22 22:15:00,"{'sl_atr_mult': 2, 'tp_atr_mult': 3, 'use_adx': True, 'adx_thresh': 20, 'ema_filter': 50}",-0.02145348391514712,-0.001194999999999946
89,2017-09-23 22:15:00,2017-12-22 22:15:00,2018-01-21 22:15:00,"{'sl_atr_mult': 1, 'tp_atr_mult': 3, 'use_adx': True, 'adx_thresh': 20, 'ema_filter': 50}",-0.027753214751211508,-0.00048000000000003595
90,2017-10-23 22:15:00,2018-01-21 22:15:00,2018-02-20 22:15:00,"{'sl_atr_mult': 1, 'tp_atr_mult': 2, 'use_adx': True, 'adx_thresh': 20, 'ema_filter': 50}",-0.026920222804523997,0.0004574999999999996
91,2017-11-22 22:15:00,2018-02-20 22:15:00,2018-03-22 22:15:00,"{'sl_atr_mult': 1, 'tp_atr_mult': 2, 'use_adx': True, 'adx_thresh': 20, 'ema_filter': 50}",-0.027701254410729348,1.7500000000003624e-05
92,2017-12-22 22:15:00,2018-03-22 22:15:00,2018-04-21 22:15:00,"{'sl_atr_mult': 2, 'tp_atr_mult': 2, 'use_adx': True, 'adx_thresh': 20, 'ema_filter': 50}",-0.030639781423684953,-6.749999999999812e-05
93,2018-01-21 22:15:00,2018-04-21 22:15:00,2018-05-21 22:15:00,"{'sl_atr_mult': 2, 'tp_atr_mult': 2, 'use_adx': True, 'adx_thresh': 20, 'ema_filter': 50}",-0.044045240790426377,-0.0011649999999999716
94,2018-02-20 22:15:00,2018-05-21 22:15:00,2018-06-20 22:15:00,"{'sl_atr_mult': 1, 'tp_atr_mult': 3, 'use_adx': True, 'adx_thresh': 20, 'ema_filter': 50}",-0.0520009381382418,-0.0013724999999999987
95,2018-03-22 22:15:00,2018-06-20 22:15:00,2018-07-20 22:15:00,"{'sl_atr_mult': 1, 'tp_atr_mult': 3, 'use_adx': True, 'adx_thresh': 20, 'ema_filter': 50}",-0.07053725673617217,-0.0012450000000000516
96,2018-04-21 22:15:00,2018-07-20 22:15:00,2018-08-19 22:15:00,"{'sl_atr_mult': 1, 'tp_atr_mult': 2, 'use_adx': True, 'adx_thresh': 20, 'ema_filter': 50}",-0.07040561539452828,-0.00030249999999998334
97,2018-05-21 22:15:00,2018-08-19 22:15:00,2018-09-18 22:15:00,"{'sl_atr_mult': 3, 'tp_atr_mult': 3, 'use_adx': True, 'adx_thresh': 20, 'ema_filter': 50}",-0.03140103307959696,0.0005399999999999849
98,2018-06-20 22:15:00,2018-09-18 22:15:00,2018-10-18 22:15:00,"{'sl_atr_mult': 3, 'tp_atr_mult': 3, 'use_adx': True, 'adx_thresh': 20, 'ema_filter': 50}",-0.0321424376443078,0.00040250000000008335
99,2018-07-20 22:15:00,2018-10-18 22:15:00,2018-11-17 22:15:00,"{'sl_atr_mult': 3, 'tp_atr_mult': 3, 'use_adx': True, 'adx_thresh': 20, 'ema_filter': 50}",0.007059448674358038,-0.002342500000000025
100,2018-08-19 22:15:00,2018-11-17 22:15:00,2018-12-17 22:15:00,"{'sl_atr_mult': 2, 'tp_atr_mult': 3, 'use_adx': True, 'adx_thresh': 20, 'ema_filter': 50}",-0.006938963177646196,-0.002142500000000047
101,2018-09-18 22:15:00,2018-12-17 22:15:00,2019-01-16 22:15:00,"{'sl_atr_mult': 2, 'tp_atr_mult': 2, 'use_adx': True, 'adx_thresh': 20, 'ema_filter': 50}",-0.0014184704135332682,0.0005524999999999558
102,2018-10-18 22:15:00,2019-01-16 22:15:00,2019-02-15 22:15:00,"{'sl_atr_mult': 2, 'tp_atr_mult': 2, 'use_adx': True, 'adx_thresh': 20, 'ema_filter': 50}",-0.006567939047171789,0.0007775000000000976
103,2018-11-17 22:15:00,2019-02-15 22:15:00,2019-03-17 22:15:00,"{'sl_atr_mult': 1, 'tp_atr_mult': 2, 'use_adx': True, 'adx_thresh': 20, 'ema_filter': 50}",-0.030443258086840674,-0.00012000000000000899
104,2018-12-17 22:15:00,2019-03-17 22:15:00,2019-04-16 22:15:00,"{'sl_atr_mult': 1, 'tp_atr_mult': 2, 'use_adx': True, 'adx_thresh': 20, 'ema_filter': 50}",-0.020983562131870026,-0.0008725000000000538
105,2019-01-16 22:15:00,2019-04-16 22:15:00,2019-05-16 22:15:00,"{'sl_atr_mult': 3, 'tp_atr_mult': 2, 'use_adx': True, 'adx_thresh': 20, 'ema_filter': 50}",-0.031441094780224055,-2.999999999997449e-05
106,2019-02-15 22:15:00,2019-05-16 22:15:00,2019-06-15 22:15:00,"{'sl_atr_mult': 3, 'tp_atr_mult': 2, 'use_adx': True, 'adx_thresh': 20, 'ema_filter': 50}",-0.0026715244646021707,-0.0008150000000000102
107,2019-03-17 22:15:00,2019-06-15 22:15:00,2019-07-15 22:15:00,"{'sl_atr_mult': 3, 'tp_atr_mult': 2, 'use_adx': True, 'adx_thresh': 20, 'ema_filter': 50}",-0.021837818049349145,-0.000260000000000038
108,2019-04-16 22:15:00,2019-07-15 22:15:00,2019-08-14 22:15:00,"{'sl_atr_mult': 3, 'tp_atr_mult': 2, 'use_adx': True, 'adx_thresh': 20, 'ema_filter': 50}",-0.01674723817186896,1.5000000000098268e-05
109,2019-05-16 22:15:00,2019-08-14 22:15:00,2019-09-13 22:15:00,"{'sl_atr_mult': 1, 'tp_atr_mult': 2, 'use_adx': True, 'adx_thresh': 20, 'ema_filter': 50}",-0.010162913487925085,-0.0010350000000000081
110,2019-06-15 22:15:00,2019-09-13 22:15:00,2019-10-13 22:15:00,"{'sl_atr_mult': 2, 'tp_atr_mult': 2, 'use_adx': True, 'adx_thresh': 20, 'ema_filter': 50}",0.0130209562620347,-0.0019850000000000145
111,2019-07-15 22:15:00,2019-10-13 22:15:00,2019-11-12 22:15:00,"{'sl_atr_mult': 3, 'tp_atr_mult': 2, 'use_adx': True, 'adx_thresh': 20, 'ema_filter': 50}",0.018654301127871697,-0.0008224999999999483
112,2019-08-14 22:15:00,2019-11-12 22:15:00,2019-12-12 22:15:00,"{'sl_atr_mult': 3, 'tp_atr_mult': 4, 'use_adx': True, 'adx_thresh': 20, 'ema_filter': 50}",-0.0018915782605318787,-0.0019850000000000145
113,2019-09-13 22:15:00,2019-12-12 22:15:00,2020-01-11 22:15:00,"{'sl_atr_mult': 3, 'tp_atr_mult': 4, 'use_adx': True, 'adx_thresh': 20, 'ema_filter': 50}",-0.017660777041259124,0.0006250000000000977
114,2019-10-13 22:15:00,2020-01-11 22:15:00,2020-02-10 22:15:00,"{'sl_atr_mult': 3, 'tp_atr_mult': 3, 'use_adx': True, 'adx_thresh': 20, 'ema_filter': 50}",-0.013992210135787664,-0.0012174999999999825
115,2019-11-12 22:15:00,2020-02-10 22:15:00,2020-03-11 22:15:00,"{'sl_atr_mult': 3, 'tp_atr_mult': 3, 'use_adx': True, 'adx_thresh': 20, 'ema_filter': 50}",-0.02191045149774984,-0.005390000000000006
116,2019-12-12 22:15:00,2020-03-11 22:15:00,2020-04-10 22:15:00,"{'sl_atr_mult': 1, 'tp_atr_mult': 2, 'use_adx': True, 'adx_thresh': 20, 'ema_filter': 50}",-0.06564045455535883,-0.0015650000000000386
117,2020-01-11 22:15:00,2020-04-10 22:15:00,2020-05-10 22:15:00,"{'sl_atr_mult': 1, 'tp_atr_mult': 2, 'use_adx': True, 'adx_thresh': 20, 'ema_filter': 50}",-0.07956032626527065,0.001214999999999966
118,2020-02-10 22:15:00,2020-05-10 22:15:00,2020-06-09 22:15:00,"{'sl_atr_mult': 1, 'tp_atr_mult': 2, 'use_adx': True, 'adx_thresh': 20, 'ema_filter': 50}",-0.04993363928251904,0.0008224999999999483
119,2020-03-11 22:15:00,2020-06-09 22:15:00,2020-07-09 22:15:00,"{'sl_atr_mult': 1, 'tp_atr_mult': 2, 'use_adx': True, 'adx_thresh': 20, 'ema_filter': 50}",-0.0008189133691508532,0.00029250000000002885
120,2020-04-10 22:15:00,2020-07-09 22:15:00,2020-08-08 22:15:00,"{'sl_atr_mult': 2, 'tp_atr_mult': 2, 'use_adx': True, 'adx_thresh': 20, 'ema_filter': 50}",0.052697211714404,0.0005450000000000177
121,2020-05-10 22:15:00,2020-08-08 22:15:00,2020-09-07 22:15:00,"{'sl_atr_mult': 2, 'tp_atr_mult': 2, 'use_adx': True, 'adx_thresh': 20, 'ema_filter': 50}",0.009031164247168322,-0.0018049999999999455
122,2020-06-09 22:15:00,2020-09-07 22:15:00,2020-10-07 22:15:00,"{'sl_atr_mult': 3, 'tp_atr_mult': 4, 'use_adx': True, 'adx_thresh': 20, 'ema_filter': 50}",0.013083677598372478,0.0006425000000001013
123,2020-07-09 22:15:00,2020-10-07 22:15:00,2020-11-06 22:15:00,"{'sl_atr_mult': 3, 'tp_atr_mult': 4, 'use_adx': True, 'adx_thresh': 20, 'ema_filter': 50}",0.014465343613753179,-0.004682500000000034
124,2020-08-08 22:15:00,2020-11-06 22:15:00,2020-12-06 22:15:00,"{'sl_atr_mult': 3, 'tp_atr_mult': 4, 'use_adx': True, 'adx_thresh': 20, 'ema_filter': 50}",-0.03694798839373714,-0.0031674999999999898
125,2020-09-07 22:15:00,2020-12-06 22:15:00,2021-01-05 22:15:00,"{'sl_atr_mult': 3, 'tp_atr_mult': 3, 'use_adx': True, 'adx_thresh': 20, 'ema_filter': 50}",-0.01838682297167582,-0.0012575000000000225
126,2020-10-07 22:15:00,2021-01-05 22:15:00,2021-02-04 22:15:00,"{'sl_atr_mult': 2, 'tp_atr_mult': 2, 'use_adx': True, 'adx_thresh': 20, 'ema_filter': 50}",0.010223221331310706,-0.0006850000000000467
127,2020-11-06 22:15:00,2021-02-04 22:15:00,2021-03-06 22:15:00,"{'sl_atr_mult': 2, 'tp_atr_mult': 2, 'use_adx': True, 'adx_thresh': 20, 'ema_filter': 50}",0.034810708301101334,-0.002354999999999996
128,2020-12-06 22:15:00,2021-03-06 22:15:00,2021-04-05 22:15:00,"{'sl_atr_mult': 3, 'tp_atr_mult': 2, 'use_adx': True, 'adx_thresh': 20, 'ema_filter': 50}",0.019844221554962793,0.0013224999999998932
129,2021-01-05 22:15:00,2021-04-05 22:15:00,2021-05-05 22:15:00,"{'sl_atr_mult': 3, 'tp_atr_mult': 4, 'use_adx': True, 'adx_thresh': 20, 'ema_filter': 50}",0.047160011066122554,-0.0027374999999999483
130,2021-02-04 22:15:00,2021-05-05 22:15:00,2021-06-04 22:15:00,"{'sl_atr_mult': 3, 'tp_atr_mult': 3, 'use_adx': True, 'adx_thresh': 20, 'ema_filter': 50}",0.02778785104457393,0.008842500000000086
131,2021-03-06 22:15:00,2021-06-04 22:15:00,2021-07-04 22:15:00,"{'sl_atr_mult': 3, 'tp_atr_mult': 4, 'use_adx': True, 'adx_thresh': 20, 'ema_filter': 50}",0.08160350961648577,0.0008900000000000574
132,2021-04-05 22:15:00,2021-07-04 22:15:00,2021-08-03 22:15:00,"{'sl_atr_mult': 3, 'tp_atr_mult': 4, 'use_adx': True, 'adx_thresh': 20, 'ema_filter': 50}",0.06302275790244294,-0.006657499999999983
133,2021-05-05 22:15:00,2021-08-03 22:15:00,2021-09-02 22:15:00,"{'sl_atr_mult': 2, 'tp_atr_mult': 4, 'use_adx': True, 'adx_thresh': 20, 'ema_filter': 50}",0.023198520491859664,0.000520000000000076
134,2021-06-04 22:15:00,2021-09-02 22:15:00,2021-10-02 22:15:00,"{'sl_atr_mult': 1, 'tp_atr_mult': 4, 'use_adx': True, 'adx_thresh': 20, 'ema_filter': 50}",-0.0012657227773621438,-0.00039250000000001783
135,2021-07-04 22:15:00,2021-10-02 22:15:00,2021-11-01 22:15:00,"{'sl_atr_mult': 1, 'tp_atr_mult': 3, 'use_adx': True, 'adx_thresh': 20, 'ema_filter': 50}",-0.007648031627426777,0.0013775000000000315
136,2021-08-03 22:15:00,2021-11-01 22:15:00,2021-12-01 22:15:00,"{'sl_atr_mult': 1, 'tp_atr_mult': 2, 'use_adx': True, 'adx_thresh': 20, 'ema_filter': 50}",0.018922377362878606,-0.0023649999999999505
137,2021-09-02 22:15:00,2021-12-01 22:15:00,2021-12-31 22:15:00,"{'sl_atr_mult': 1, 'tp_atr_mult': 2, 'use_adx': True, 'adx_thresh': 20, 'ema_filter': 50}",-0.009553776745065523,-0.00018249999999997435
138,2021-10-02 22:15:00,2021-12-31 22:15:00,2022-01-30 22:15:00,"{'sl_atr_mult': 1, 'tp_atr_mult': 2, 'use_adx': True, 'adx_thresh': 20, 'ema_filter': 50}",-0.026990481568557878,0.0011574999999999225
139,2021-11-01 22:15:00,2022-01-30 22:15:00,2022-03-01 22:15:00,"{'sl_atr_mult': 1, 'tp_atr_mult': 3, 'use_adx': True, 'adx_thresh': 20, 'ema_filter': 50}",-0.04540145063177903,-0.002735000000000043
140,2021-12-01 22:15:00,2022-03-01 22:15:00,2022-03-31 22:15:00,"{'sl_atr_mult': 3, 'tp_atr_mult': 2, 'use_adx': True, 'adx_thresh': 20, 'ema_filter': 50}",-0.0026373067410384587,0.0022325000000000816
141,2021-12-31 22:15:00,2022-03-31 22:15:00,2022-04-30 22:15:00,"{'sl_atr_mult': 3, 'tp_atr_mult': 2, 'use_adx': True, 'adx_thresh': 20, 'ema_filter': 50}",0.06259580668368758,0.003835000000000033
142,2022-01-30 22:15:00,2022-04-30 22:15:00,2022-05-30 22:15:00,"{'sl_atr_mult': 3, 'tp_atr_mult': 3, 'use_adx': True, 'adx_thresh': 20, 'ema_filter': 50}",0.09006838364456038,-0.007889999999999953
143,2022-03-01 22:15:00,2022-05-30 22:15:00,2022-06-29 22:15:00,"{'sl_atr_mult': 3, 'tp_atr_mult': 3, 'use_adx': True, 'adx_thresh': 20, 'ema_filter': 50}",-0.007916997253314184,0.0020899999999999253
144,2022-03-31 22:15:00,2022-06-29 22:15:00,2022-07-29 22:15:00,"{'sl_atr_mult': 2, 'tp_atr_mult': 3, 'use_adx': True, 'adx_thresh': 20, 'ema_filter': 50}",-0.06127996078307418,-0.0036800000000000166
145,2022-04-30 22:15:00,2022-07-29 22:15:00,2022-08-28 22:15:00,"{'sl_atr_mult': 1, 'tp_atr_mult': 3, 'use_adx': True, 'adx_thresh': 20, 'ema_filter': 50}",-0.07607527023384919,0.001775000000000082
146,2022-05-30 22:15:00,2022-08-28 22:15:00,2022-09-27 22:15:00,"{'sl_atr_mult': 3, 'tp_atr_mult': 4, 'use_adx': True, 'adx_thresh': 20, 'ema_filter': 50}",0.003472871173498371,-0.005519999999999969
147,2022-06-29 22:15:00,2022-09-27 22:15:00,2022-10-27 22:15:00,"{'sl_atr_mult': 2, 'tp_atr_mult': 2, 'use_adx': True, 'adx_thresh': 20, 'ema_filter': 50}",-0.01759609312008159,-0.0008449999999999847
148,2022-07-29 22:15:00,2022-10-27 22:15:00,2022-11-26 22:15:00,"{'sl_atr_mult': 3, 'tp_atr_mult': 3, 'use_adx': True, 'adx_thresh': 20, 'ema_filter': 50}",0.03256741617583114,0.002762500000000001
149,2022-08-28 22:15:00,2022-11-26 22:15:00,2022-12-26 22:15:00,"{'sl_atr_mult': 3, 'tp_atr_mult': 3, 'use_adx': True, 'adx_thresh': 20, 'ema_filter': 50}",0.019905113888931902,-0.0020700000000000163
150,2022-09-27 22:15:00,2022-12-26 22:15:00,2023-01-25 22:15:00,"{'sl_atr_mult': 3, 'tp_atr_mult': 3, 'use_adx': True, 'adx_thresh': 20, 'ema_filter': 50}",0.041132253950725506,-0.00041250000000003784
151,2022-10-27 22:15:00,2023-01-25 22:15:00,2023-02-24 22:15:00,"{'sl_atr_mult': 3, 'tp_atr_mult': 4, 'use_adx': True, 'adx_thresh': 20, 'ema_filter': 50}",0.03521007876800364,-0.0018650000000000055
152,2022-11-26 22:15:00,2023-02-24 22:15:00,2023-03-26 22:15:00,"{'sl_atr_mult': 2, 'tp_atr_mult': 4, 'use_adx': True, 'adx_thresh': 20, 'ema_filter': 50}",-0.015635131523837886,0.0030399999999999316
153,2022-12-26 22:15:00,2023-03-26 22:15:00,2023-04-25 22:15:00,"{'sl_atr_mult': 3, 'tp_atr_mult': 4, 'use_adx': True, 'adx_thresh': 20, 'ema_filter': 50}",-0.03358970041273701,-0.0024775000000000214
154,2023-01-25 22:15:00,2023-04-25 22:15:00,2023-05-25 22:15:00,"{'sl_atr_mult': 1, 'tp_atr_mult': 2, 'use_adx': True, 'adx_thresh': 20, 'ema_filter': 50}",-0.04293119340602236,0.0010425000000000573
155,2023-02-24 22:15:00,2023-05-25 22:15:00,2023-06-24 22:15:00,"{'sl_atr_mult': 2, 'tp_atr_mult': 4, 'use_adx': True, 'adx_thresh': 20, 'ema_filter': 50}",-0.012883682079779635,-0.0029649999999999954
156,2023-03-26 22:15:00,2023-06-24 22:15:00,2023-07-24 22:15:00,"{'sl_atr_mult': 1, 'tp_atr_mult': 2, 'use_adx': True, 'adx_thresh': 20, 'ema_filter': 50}",0.008832327772124948,-0.0006774999999999975
157,2023-04-25 22:15:00,2023-07-24 22:15:00,2023-08-23 22:15:00,"{'sl_atr_mult': 2, 'tp_atr_mult': 4, 'use_adx': True, 'adx_thresh': 20, 'ema_filter': 50}",0.014875597953941666,0.002650000000000041
158,2023-05-25 22:15:00,2023-08-23 22:15:00,2023-09-22 22:15:00,"{'sl_atr_mult': 2, 'tp_atr_mult': 3, 'use_adx': True, 'adx_thresh': 20, 'ema_filter': 50}",0.022098621801762475,0.0002675000000000871
159,2023-06-24 22:15:00,2023-09-22 22:15:00,2023-10-22 22:15:00,"{'sl_atr_mult': 2, 'tp_atr_mult': 3, 'use_adx': True, 'adx_thresh': 20, 'ema_filter': 50}",0.0219207070012708,-0.003022500000000039
160,2023-07-24 22:15:00,2023-10-22 22:15:00,2023-11-21 22:15:00,"{'sl_atr_mult': 3, 'tp_atr_mult': 3, 'use_adx': True, 'adx_thresh': 20, 'ema_filter': 50}",0.019920979957805285,-0.004994999999999972
161,2023-08-23 22:15:00,2023-11-21 22:15:00,2023-12-21 22:15:00,"{'sl_atr_mult': 1, 'tp_atr_mult': 2, 'use_adx': True, 'adx_thresh': 20, 'ema_filter': 50}",-0.013739261404248526,-0.0004549999999999832
162,2023-09-22 22:15:00,2023-12-21 22:15:00,2024-01-20 22:15:00,"{'sl_atr_mult': 1, 'tp_atr_mult': 3, 'use_adx': True, 'adx_thresh': 20, 'ema_filter': 50}",-0.017328627442684263,0.00019750000000007262
163,2023-10-22 22:15:00,2024-01-20 22:15:00,2024-02-19 22:15:00,"{'sl_atr_mult': 1, 'tp_atr_mult': 4, 'use_adx': True, 'adx_thresh': 20, 'ema_filter': 50}",-0.00328470544201076,-0.0005374999999999686
164,2023-11-21 22:15:00,2024-02-19 22:15:00,2024-03-20 22:15:00,"{'sl_atr_mult': 2, 'tp_atr_mult': 4, 'use_adx': True, 'adx_thresh': 20, 'ema_filter': 50}",0.012376727972905899,0.001835000000000031
165,2023-12-21 22:15:00,2024-03-20 22:15:00,2024-04-19 22:15:00,"{'sl_atr_mult': 3, 'tp_atr_mult': 4, 'use_adx': True, 'adx_thresh': 20, 'ema_filter': 50}",0.012085306544378227,-0.003722499999999962
166,2024-01-20 22:15:00,2024-04-19 22:15:00,2024-05-19 22:15:00,"{'sl_atr_mult': 1, 'tp_atr_mult': 3, 'use_adx': True, 'adx_thresh': 20, 'ema_filter': 50}",0.008310982584240456,-0.0014600000000000168
167,2024-02-19 22:15:00,2024-05-19 22:15:00,2024-06-18 22:15:00,"{'sl_atr_mult': 1, 'tp_atr_mult': 3, 'use_adx': True, 'adx_thresh': 20, 'ema_filter': 50}",-0.0025533282995168216,0.000220000000000109
168,2024-03-20 22:15:00,2024-06-18 22:15:00,2024-07-18 22:15:00,"{'sl_atr_mult': 1, 'tp_atr_mult': 3, 'use_adx': True, 'adx_thresh': 20, 'ema_filter': 50}",-0.009138015745485895,-0.0014450000000000296
169,2024-04-19 22:15:00,2024-07-18 22:15:00,2024-08-17 22:15:00,"{'sl_atr_mult': 1, 'tp_atr_mult': 4, 'use_adx': True, 'adx_thresh': 20, 'ema_filter': 50}",-0.01957932279561847,-0.003782500000000022
170,2024-05-19 22:15:00,2024-08-17 22:15:00,2024-09-16 22:15:00,"{'sl_atr_mult': 3, 'tp_atr_mult': 2, 'use_adx': True, 'adx_thresh': 20, 'ema_filter': 50}",-0.02050931140430956,0.002347499999999947
171,2024-06-18 22:15:00,2024-09-16 22:15:00,2024-10-16 22:15:00,"{'sl_atr_mult': 3, 'tp_atr_mult': 2, 'use_adx': True, 'adx_thresh': 20, 'ema_filter': 50}",-0.00909654796160253,0.0008150000000000102
172,2024-07-18 22:15:00,2024-10-16 22:15:00,2024-11-15 22:15:00,"{'sl_atr_mult': 3, 'tp_atr_mult': 2, 'use_adx': True, 'adx_thresh': 20, 'ema_filter': 50}",-0.004211199410803279,-0.002662500000000012
173,2024-08-17 22:15:00,2024-11-15 22:15:00,2024-12-15 22:15:00,"{'sl_atr_mult': 3, 'tp_atr_mult': 2, 'use_adx': True, 'adx_thresh': 20, 'ema_filter': 50}",-0.005779035051926229,0.0029399999999999427
174,2024-09-16 22:15:00,2024-12-15 22:15:00,2025-01-14 22:15:00,"{'sl_atr_mult': 2, 'tp_atr_mult': 3, 'use_adx': True, 'adx_thresh': 20, 'ema_filter': 50}",-0.009318619954828078,-0.002589999999999981
175,2024-10-16 22:15:00,2025-01-14 22:15:00,2025-02-13 22:15:00,"{'sl_atr_mult': 2, 'tp_atr_mult': 3, 'use_adx': True, 'adx_thresh': 20, 'ema_filter': 50}",0.006654285072607902,0.0019374999999999254
176,2024-11-15 22:15:00,2025-02-13 22:15:00,2025-03-15 22:15:00,"{'sl_atr_mult': 3, 'tp_atr_mult': 3, 'use_adx': True, 'adx_thresh': 20, 'ema_filter': 50}",-0.010638978396099952,0.001614999999999922
177,2024-12-15 22:15:00,2025-03-15 22:15:00,2025-04-14 22:15:00,"{'sl_atr_mult': 1, 'tp_atr_mult': 3, 'use_adx': True, 'adx_thresh': 20, 'ema_filter': 50}",-0.02097010495473539,0.0027200000000000557
178,2025-01-14 22:15:00,2025-04-14 22:15:00,2025-05-14 22:15:00,"{'sl_atr_mult': 1, 'tp_atr_mult': 4, 'use_adx': True, 'adx_thresh': 20, 'ema_filter': 50}",0.006037732242136329,0.001567499999999944
179,2025-02-13 22:15:00,2025-05-14 22:15:00,2025-05-30 20:45:00,"{'sl_atr_mult': 1, 'tp_atr_mult': 4, 'use_adx': True, 'adx_thresh': 20, 'ema_filter': 50}",0.020761787053852343,0.004242499999999927
